rep,policy_ts,policy_os_ts,baseline_policy,baseline_policy_os,policy,policy_os,delta_raw,policy_minus_base,policy_os_minus_base,delta_norm,policy_os_apply,policy_os_os_apply
1,20260226_070954,20260226_071003,13.267,90.933,5.533,66.267,60.733999999999995,-7.733999999999999,-24.66600000000001,-16.932000000000013,0,0
2,20260226_071010,20260226_071016,1.8,1.4,6.333,7.6,1.2669999999999995,4.533,6.199999999999999,1.666999999999999,0,0
3,20260226_071023,20260226_071028,10.933,0.0,3.267,44.533,41.266,-7.666,44.533,52.199,0,0
4,20260226_071036,20260226_071041,0.067,18.533,31.467,25.333,-6.134,31.4,6.799999999999997,-24.6,0,0
5,20260226_071049,20260226_071054,36.4,21.4,7.867,5.533,-2.3339999999999996,-28.532999999999998,-15.866999999999997,12.666,0,0
6,20260226_071102,20260226_071107,9.533,3.133,6.533,34.6,28.067,-2.999999999999999,31.467000000000002,34.467,0,0
