rep,policy_ts,policy_os_ts,baseline_policy,baseline_policy_os,policy,policy_os,delta_raw,policy_minus_base,policy_os_minus_base,delta_norm,policy_os_apply,policy_os_os_apply
1,20260226_081923,20260226_081933,21.076,60.696,58.544,5.823,-52.721,37.467999999999996,-54.873,-92.341,0,1
2,20260226_081949,20260226_081942,75.886,100.0,6.709,100.0,93.291,-69.17699999999999,0.0,69.17699999999999,0,1
3,20260226_081959,20260226_082005,0.316,0.696,0.633,32.278,31.645,0.317,31.581999999999997,31.264999999999997,0,1
4,20260226_082021,20260226_082014,64.873,100.0,95.506,100.0,4.494,30.632999999999996,0.0,-30.632999999999996,0,1
5,20260226_082031,20260226_082040,12.215,74.114,1.456,7.342,5.885999999999999,-10.759,-66.772,-56.013000000000005,0,1
6,20260226_082056,20260226_082049,20.886,75.063,88.734,10.696,-78.038,67.848,-64.367,-132.215,0,1
