file,policy_mean,policy_os_mean,delta_raw_mean,delta_raw_ci_low,delta_raw_ci_high,p_raw,delta_norm_mean,p_norm,os_apply_mean,n
e1_paired_search5_d3_summary.csv,5.6582,22.133,16.474800000000002,-6.611192187136471,39.56079218713647,0.3586320683965802,-5.525200000000001,0.37968101594920256,1.0,10
e1_paired_search5_d1_summary.csv,15.221400000000001,51.1329,35.9115,11.166728523255443,60.65627147674455,0.034148292585370735,8.683599999999998,0.5647217639118044,1.0,10
e1_paired_search5_d2_summary.csv,7.9555,51.9936,44.0381,13.654506421941495,74.42169357805851,0.026998650067496625,-2.4050000000000002,0.5433728313584321,1.0,10
