rep,policy_ts,policy_os_ts,baseline_policy,baseline_policy_os,policy,policy_os,delta_raw,policy_minus_base,policy_os_minus_base,delta_norm,policy_os_apply,policy_os_os_apply
1,20260226_070337,20260226_070349,99.95,99.95,100.0,100.0,0.0,0.04999999999999716,0.04999999999999716,0.0,0,0
2,20260226_070401,20260226_070411,99.95,99.85,99.85,99.65,-0.19999999999998863,-0.10000000000000853,-0.19999999999998863,-0.0999999999999801,0,0
3,20260226_070422,20260226_070431,99.85,99.95,99.7,100.0,0.29999999999999716,-0.14999999999999147,0.04999999999999716,0.19999999999998863,0,0
4,20260226_070445,20260226_070458,99.8,99.55,100.0,99.8,-0.20000000000000284,0.20000000000000284,0.25,0.04999999999999716,0,0
