rep,policy_ts,policy_os_ts,baseline_policy,baseline_policy_os,policy,policy_os,delta_raw,policy_minus_base,policy_os_minus_base,delta_norm,policy_os_apply,policy_os_os_apply
1,20260226_071434,20260226_071448,99.8,99.933,100.0,100.0,0.0,0.20000000000000284,0.06699999999999307,-0.13300000000000978,0,0
2,20260226_071458,20260226_071505,92.867,99.933,100.0,100.0,0.0,7.132999999999996,0.06699999999999307,-7.0660000000000025,0,0
3,20260226_071515,20260226_071522,65.933,43.067,60.533,100.0,39.467,-5.400000000000006,56.933,62.333000000000006,0,0
4,20260226_071531,20260226_071538,26.333,24.133,0.467,47.733,47.266,-25.866,23.599999999999998,49.465999999999994,0,0
5,20260226_071547,20260226_071553,1.467,1.4,9.467,0.733,-8.734,8.0,-0.6669999999999999,-8.667,0,0
6,20260226_071601,20260226_071607,0.667,99.8,32.067,98.933,66.86600000000001,31.4,-0.8669999999999902,-32.26699999999999,0,0
