rep,policy_ts,policy_os_ts,baseline_policy,baseline_policy_os,policy,policy_os,delta_raw,policy_minus_base,policy_os_minus_base,delta_norm,policy_os_apply,policy_os_os_apply
1,20260226_073322,20260226_073337,20.917,99.917,7.167,100.0,92.833,-13.750000000000002,0.08299999999999841,13.833,0,0
2,20260226_073344,20260226_073349,7.583,44.083,12.167,100.0,87.833,4.584,55.917,51.333,0,0
3,20260226_073356,20260226_073401,40.917,99.917,49.167,100.0,50.833,8.25,0.08299999999999841,-8.167000000000002,0,0
4,20260226_073408,20260226_073413,60.75,96.667,96.583,59.667,-36.916,35.833,-37.0,-72.833,0,0
5,20260226_073420,20260226_073424,3.083,16.25,19.583,89.75,70.167,16.5,73.5,57.0,0,0
6,20260226_073431,20260226_073436,4.75,11.667,2.25,15.75,13.5,-2.5,4.083,6.583,0,0
7,20260226_073442,20260226_073447,0.0,2.167,2.5,4.75,2.25,2.5,2.583,0.08300000000000018,0,0
8,20260226_073453,20260226_073458,35.917,10.5,13.917,1.167,-12.75,-22.0,-9.333,12.667,0,0
