n,baseline_policy_mean,baseline_policy_ci_low,baseline_policy_ci_high,baseline_policy_os_mean,baseline_policy_os_ci_low,baseline_policy_os_ci_high,policy_mean,policy_ci_low,policy_ci_high,policy_os_mean,policy_os_ci_low,policy_os_ci_high,delta_raw_mean,delta_raw_ci_low,delta_raw_ci_high,delta_norm_mean,delta_norm_ci_low,delta_norm_ci_high,p_value_raw_policy_os_vs_policy,p_value_norm_policy_os_vs_policy,policy_os_apply_mean,policy_os_os_apply_mean
6,39.277833333333334,13.253658988085967,65.30200767858071,53.92216666666667,16.225267444411735,91.6190658889216,48.13333333333333,18.037697653532994,78.22896901313368,52.98883333333333,16.27155059471457,89.7061160719521,4.855500000000002,-16.972058696829716,26.683058696829722,-9.788833333333331,-35.23728854065344,15.659621873986774,0.8524073796310184,0.43482825858707064,0,0
