rep,policy_ts,policy_os_ts,baseline_policy,baseline_policy_os,policy,policy_os,delta_raw,policy_minus_base,policy_os_minus_base,delta_norm,policy_os_apply,policy_os_os_apply
1,20260226_082107,20260226_082121,100.0,100.0,100.0,100.0,0.0,0.0,0.0,0.0,0,0
2,20260226_082142,20260226_082134,100.0,100.0,100.0,100.0,0.0,0.0,0.0,0.0,0,0
3,20260226_082153,20260226_082202,90.38,45.443,100.0,78.861,-21.138999999999996,9.620000000000005,33.418000000000006,23.798000000000002,0,0
4,20260226_082220,20260226_082214,7.025,20.127,7.278,0.759,-6.518999999999999,0.2529999999999992,-19.368,-19.621,0,0
5,20260226_082229,20260226_082236,19.051,9.177,12.215,80.063,67.848,-6.8359999999999985,70.886,77.722,0,0
6,20260226_082254,20260226_082245,20.633,100.0,39.873,100.0,60.127,19.24,0.0,-19.24,0,0
