rep,policy_ts,policy_os_ts,baseline_policy,baseline_policy_os,policy,policy_os,delta_raw,policy_minus_base,policy_os_minus_base,delta_norm,policy_os_apply,policy_os_os_apply
1,20260226_081524,20260226_081532,32.121,9.242,2.5,29.091,26.591,-29.621000000000002,19.849,49.47,0,0
2,20260226_081546,20260226_081541,23.258,100.0,19.091,100.0,80.90899999999999,-4.166999999999998,0.0,4.166999999999998,0,0
3,20260226_081555,20260226_081601,1.591,0.076,8.409,28.03,19.621000000000002,6.8180000000000005,27.954,21.136,0,0
4,20260226_081614,20260226_081609,17.121,3.409,1.439,2.803,1.3639999999999999,-15.681999999999999,-0.6059999999999999,15.075999999999999,0,0
5,20260226_081623,20260226_081629,0.0,0.0,0.303,1.212,0.909,0.303,1.212,0.909,0,0
6,20260226_081642,20260226_081637,23.636,3.333,0.303,0.152,-0.151,-23.333,-3.181,20.151999999999997,0,0
7,20260226_081651,20260226_081656,0.0,23.106,46.894,11.894,-35.0,46.894,-11.212000000000002,-58.106,0,0
8,20260226_081710,20260226_081705,1.364,0.0,0.076,0.152,0.076,-1.288,0.152,1.44,0,0
