rep,policy_ts,policy_os_ts,baseline_policy,baseline_policy_os,policy,policy_os,delta_raw,policy_minus_base,policy_os_minus_base,delta_norm,policy_os_apply,policy_os_os_apply
1,20260226_071116,20260226_071126,40.0,12.867,25.6,40.933,15.332999999999998,-14.399999999999999,28.066,42.465999999999994,0,0
2,20260226_071134,20260226_071140,46.867,90.0,25.667,20.4,-5.267000000000003,-21.199999999999996,-69.6,-48.4,0,0
3,20260226_071149,20260226_071157,76.067,99.933,65.267,100.0,34.733000000000004,-10.799999999999997,0.06699999999999307,10.86699999999999,0,0
4,20260226_071207,20260226_071214,48.0,99.4,56.0,91.0,35.0,8.0,-8.400000000000006,-16.400000000000006,0,0
5,20260226_071223,20260226_071230,8.0,74.533,34.6,59.733,25.132999999999996,26.6,-14.800000000000004,-41.400000000000006,0,0
6,20260226_071239,20260226_071246,59.867,10.133,3.467,13.933,10.466,-56.4,3.8000000000000007,60.2,0,0
