rep,policy_ts,policy_os_ts,baseline_policy,baseline_policy_os,policy,policy_os,delta_raw,policy_minus_base,policy_os_minus_base,delta_norm,policy_os_apply,policy_os_os_apply
1,20260226_071757,20260226_071811,99.933,99.933,92.667,98.333,5.665999999999997,-7.266000000000005,-1.6000000000000085,5.665999999999997,0,0
2,20260226_071820,20260226_071827,91.333,99.733,100.0,99.8,-0.20000000000000284,8.667000000000002,0.06699999999999307,-8.600000000000009,0,0
3,20260226_071838,20260226_071844,54.467,99.733,40.8,3.733,-37.067,-13.667000000000002,-96.0,-82.333,0,0
4,20260226_071853,20260226_071858,48.333,10.0,25.8,54.867,29.066999999999997,-22.532999999999998,44.867,67.39999999999999,0,0
5,20260226_071906,20260226_071912,19.933,2.6,8.733,67.867,59.134,-11.2,65.26700000000001,76.46700000000001,0,0
6,20260226_071921,20260226_071927,50.067,25.733,53.2,5.533,-47.667,3.1330000000000027,-20.2,-23.333000000000002,0,0
