file,policy_mean,policy_os_mean,delta_raw_mean,delta_raw_ci_low,delta_raw_ci_high,p_raw,delta_norm_mean,p_norm,os_apply_mean,n
e1_paired_search4_c2_summary.csv,41.93033333333333,42.68983333333333,0.7595000000000004,-48.077457254702914,49.59645725470292,0.984500774961252,-35.126666666666665,0.21963901804909755,1.0,6
e1_paired_search4_c1_summary.csv,25.7595,34.6415,8.882000000000001,-12.424522499155984,30.188522499155987,0.9065546722663866,-4.799333333333333,0.6094695265236738,0.0,6
e1_paired_search4_c3_summary.csv,59.894333333333336,76.61383333333333,16.7195,-13.285600999426524,46.72460099942653,0.5471226438678066,10.443166666666666,0.5352232388380581,0.0,6
