rep,policy_ts,policy_os_ts,baseline_policy,baseline_policy_os,policy,policy_os,delta_raw,policy_minus_base,policy_os_minus_base,delta_norm,policy_os_apply,policy_os_os_apply
1,20260226_073856,20260226_073908,31.667,91.333,26.417,100.0,73.583,-5.25,8.667000000000002,13.917000000000002,0,0
2,20260226_073916,20260226_073921,22.833,99.917,43.667,23.333,-20.334000000000003,20.834000000000003,-76.584,-97.418,0,0
3,20260226_073929,20260226_073934,10.333,10.167,36.0,16.083,-19.917,25.667,5.915999999999999,-19.751000000000005,0,0
4,20260226_073941,20260226_073946,68.25,99.667,23.5,100.0,76.5,-44.75,0.3329999999999984,45.083,0,0
5,20260226_073954,20260226_073959,15.167,99.333,0.083,99.667,99.584,-15.084,0.3340000000000032,15.418000000000003,0,0
6,20260226_074006,20260226_074010,22.833,0.583,1.833,1.75,-0.08299999999999996,-21.0,1.167,22.167,0,0
7,20260226_074017,20260226_074022,6.583,1.667,5.583,12.917,7.334,-1.0,11.25,12.25,0,0
8,20260226_074029,20260226_074034,99.167,11.0,100.0,1.417,-98.583,0.8329999999999984,-9.583,-10.415999999999999,0,0
