rep,policy_ts,policy_os_ts,baseline_policy,baseline_policy_os,policy,policy_os,delta_raw,policy_minus_base,policy_os_minus_base,delta_norm,policy_os_apply,policy_os_os_apply
1,20260226_070543,20260226_070553,2.083,1.0,11.5,0.333,-11.167,9.417,-0.667,-10.084,0,0
2,20260226_070559,20260226_070604,0.917,0.0,0.667,3.0,2.333,-0.25,3.0,3.25,0,0
3,20260226_070610,20260226_070614,1.833,0.0,8.5,6.583,-1.9169999999999998,6.667,6.583,-0.08399999999999963,0,0
4,20260226_070621,20260226_070625,9.0,0.0,0.25,62.083,61.833,-8.75,62.083,70.833,0,0
5,20260226_070632,20260226_070636,17.417,0.0,0.0,0.833,0.833,-17.417,0.833,18.25,0,0
6,20260226_070642,20260226_070646,0.0,0.0,0.083,0.417,0.33399999999999996,0.083,0.417,0.33399999999999996,0,0
