rep,policy_ts,policy_os_ts,baseline_policy,baseline_policy_os,policy,policy_os,delta_raw,policy_minus_base,policy_os_minus_base,delta_norm,policy_os_apply,policy_os_os_apply
1,20260226_073102,20260226_073110,28.083,98.167,9.75,58.583,48.833,-18.333,-39.584,-21.251000000000005,0,1
2,20260226_073117,20260226_073122,9.833,11.083,10.167,96.0,85.833,0.33399999999999963,84.917,84.583,0,1
3,20260226_073129,20260226_073133,1.917,37.75,9.25,18.667,9.417000000000002,7.333,-19.083,-26.415999999999997,0,1
4,20260226_073140,20260226_073144,0.167,0.583,1.75,4.583,2.833,1.583,4.0,2.417,0,1
5,20260226_073151,20260226_073155,16.333,0.25,0.5,0.0,-0.5,-15.832999999999998,-0.25,15.582999999999998,0,1
6,20260226_073202,20260226_073206,0.417,1.583,0.75,1.5,0.75,0.333,-0.08299999999999996,-0.416,0,1
7,20260226_073213,20260226_073220,88.167,100.0,100.0,100.0,0.0,11.832999999999998,0.0,-11.832999999999998,0,1
8,20260226_073256,20260226_073308,99.917,99.917,100.0,100.0,0.0,0.08299999999999841,0.08299999999999841,0.0,0,1
