tag,load,deadline,hc_work,lc_work,n,policy_mean,policy_os_mean,delta_raw_mean,delta_raw_ci_low,delta_raw_ci_high,p_raw,delta_norm_mean,delta_norm_ci_low,delta_norm_ci_high,p_norm
g1,0.9,1600,60,160,6,10.166666666666666,30.644333333333332,20.477666666666664,-1.3125264427231116,42.26785977605644,0.08124593770311485,9.911166666666663,-13.767227161080843,33.58956049441417,0.48062596870156493
g2,1.0,1600,70,180,6,35.10016666666667,54.33316666666666,19.233,6.754614280091086,31.711385719908915,0.29808509574521275,1.2221666666666628,-34.314621920633925,36.75895525396726,0.9379531023448827
g3,1.1,1800,70,200,6,24.489,29.977999999999998,5.489,-31.6646006815885,42.6426006815885,0.7720613969301535,26.099833333333336,-10.76202774226681,62.96169440893348,0.19079046047697615
g4,1.2,2000,80,220,6,50.422333333333334,74.5665,24.144166666666667,-0.7548257259614211,49.04315905929475,0.3566321683915804,10.611,-18.94744269343205,40.169442693432046,0.45782710864456777
g5,1.0,2000,80,200,6,48.13333333333333,52.98883333333333,4.855500000000002,-16.972058696829716,26.683058696829722,0.8524073796310184,-9.788833333333331,-35.23728854065344,15.659621873986774,0.43482825858707064
g6,1.1,2000,90,240,6,53.53333333333333,55.022166666666664,1.4888333333333315,-30.53117189975459,33.508838566421254,0.9387530623468826,5.877833333333332,-41.61174906588335,53.36741573255002,0.8663566821658917
