rep,policy_ts,policy_os_ts,baseline_policy,baseline_policy_os,policy,policy_os,delta_raw,policy_minus_base,policy_os_minus_base,delta_norm,policy_os_apply,policy_os_os_apply
1,20260226_081743,20260226_081753,51.266,100.0,20.38,81.646,61.266000000000005,-30.886,-18.354,12.532,0,0
2,20260226_081809,20260226_081803,7.975,19.367,13.101,9.747,-3.354000000000001,5.126000000000001,-9.620000000000001,-14.746000000000002,0,0
3,20260226_081819,20260226_081825,2.152,7.089,2.658,10.506,7.848000000000001,0.5059999999999998,3.417,2.911,0,0
4,20260226_081841,20260226_081834,99.62,100.0,100.0,100.0,0.0,0.37999999999999545,0.0,-0.37999999999999545,0,0
5,20260226_081851,20260226_081857,0.127,35.127,16.519,2.722,-13.796999999999999,16.392,-32.405,-48.797,0,0
6,20260226_081912,20260226_081907,19.051,0.696,1.899,3.228,1.3290000000000002,-17.151999999999997,2.532,19.683999999999997,0,0
