rep,policy_ts,policy_os_ts,baseline_policy,baseline_policy_os,policy,policy_os,delta_raw,policy_minus_base,policy_os_minus_base,delta_norm,policy_os_apply,policy_os_os_apply
1,20260226_073702,20260226_073719,76.917,80.333,94.75,89.917,-4.832999999999998,17.833,9.584000000000003,-8.248999999999995,0,0
2,20260226_073729,20260226_073734,65.167,29.0,25.25,41.75,16.5,-39.917,12.75,52.667,0,0
3,20260226_073742,20260226_073747,23.167,40.25,40.417,32.333,-8.084000000000003,17.25,-7.917000000000002,-25.167,0,0
4,20260226_073754,20260226_073800,24.167,99.667,47.25,100.0,52.75,23.083,0.3329999999999984,-22.75,0,0
5,20260226_073808,20260226_073813,0.833,1.583,3.5,1.083,-2.417,2.667,-0.5,-3.167,0,0
6,20260226_073820,20260226_073824,24.667,0.25,18.75,6.5,-12.25,-5.917000000000002,6.25,12.167000000000002,0,0
7,20260226_073831,20260226_073836,5.583,95.333,4.583,100.0,95.417,-1.0,4.667000000000002,5.667000000000002,0,0
8,20260226_073843,20260226_073848,3.583,4.417,0.667,10.083,9.416,-2.9160000000000004,5.666,8.582,0,0
