rep,policy_ts,policy_os_ts,baseline_policy,baseline_policy_os,policy,policy_os,delta_raw,policy_minus_base,policy_os_minus_base,delta_norm,policy_os_apply,policy_os_os_apply
1,20260226_081329,20260226_081338,10.227,43.409,0.0,7.803,7.803,-10.227,-35.606,-25.379,0,1
2,20260226_081351,20260226_081346,0.379,19.545,9.545,50.227,40.681999999999995,9.166,30.681999999999995,21.515999999999995,0,1
3,20260226_081400,20260226_081405,0.455,80.455,0.455,4.773,4.318,0.0,-75.682,-75.682,0,1
4,20260226_081419,20260226_081414,4.015,4.394,6.742,1.212,-5.53,2.7270000000000003,-3.1820000000000004,-5.909000000000001,0,1
5,20260226_081427,20260226_081433,9.697,0.0,3.03,4.318,1.2879999999999998,-6.667,4.318,10.985,0,1
6,20260226_081446,20260226_081441,0.985,1.97,43.106,0.303,-42.803000000000004,42.121,-1.667,-43.788000000000004,0,1
7,20260226_081455,20260226_081500,3.864,0.0,0.152,0.0,-0.152,-3.7119999999999997,0.0,3.7119999999999997,0,1
8,20260226_081514,20260226_081508,18.636,100.0,0.0,100.0,100.0,-18.636,0.0,18.636,0,1
