rep,policy_ts,policy_os_ts,baseline_policy,baseline_policy_os,policy,policy_os,delta_raw,policy_minus_base,policy_os_minus_base,delta_norm,policy_os_apply,policy_os_os_apply
1,20260226_081134,20260226_081144,3.788,2.424,1.212,1.364,0.15200000000000014,-2.5759999999999996,-1.0599999999999998,1.5159999999999998,0,0
2,20260226_081158,20260226_081152,13.106,76.212,6.515,100.0,93.485,-6.591,23.787999999999997,30.378999999999998,0,0
3,20260226_081206,20260226_081212,0.076,27.197,0.152,21.667,21.515,0.076,-5.529999999999998,-5.605999999999997,0,0
4,20260226_081225,20260226_081220,0.227,98.712,0.0,69.394,69.394,-0.227,-29.317999999999998,-29.090999999999998,0,0
5,20260226_081234,20260226_081239,30.152,18.485,0.0,7.727,7.727,-30.152,-10.758,19.394000000000002,0,0
6,20260226_081252,20260226_081247,13.485,22.348,9.242,30.303,21.061,-4.2429999999999986,7.955000000000002,12.198,0,0
7,20260226_081300,20260226_081306,0.076,0.152,0.076,0.0,-0.076,0.0,-0.152,-0.152,0,0
8,20260226_081319,20260226_081314,7.652,0.455,1.136,18.864,17.728,-6.516,18.409000000000002,24.925000000000004,0,0
