file,policy_mean,policy_os_mean,delta_raw_mean,delta_raw_ci_low,delta_raw_ci_high,p_raw,delta_norm_mean,p_norm,n,os_apply
e1_paired_search2_a3_summary.csv,47.145624999999995,70.302125,23.1565,-9.714219862296893,56.027219862296896,0.2366381680915954,3.166625,0.8066096695165241,8,1.0
e1_paired_search2_a5_summary.csv,29.635375,44.395875,14.7605,-30.62227019928598,60.14327019928598,0.4966751662416879,-2.343750000000001,0.8689065546722664,8,0.0
e1_paired_search2_a4_summary.csv,29.395875,47.70825,18.312375,-7.628877594194922,44.253627594194924,0.351982400879956,2.468750000000001,0.7873106344682765,8,0.0
e1_paired_search2_a1_summary.csv,29.020875,47.416625,18.39575,-3.739260744268904,40.5307607442689,0.4345782710864457,5.333374999999999,0.8134093295335233,8,1.0
e1_paired_search2_a2_summary.csv,25.41675,58.8855,33.46875,-0.2680377760420427,67.20553777604204,0.11024448777561122,7.562374999999999,0.6022198890055497,8,0.0
