n,baseline_policy_mean,baseline_policy_ci_low,baseline_policy_ci_high,baseline_policy_os_mean,baseline_policy_os_ci_low,baseline_policy_os_ci_high,policy_mean,policy_ci_low,policy_ci_high,policy_os_mean,policy_os_ci_low,policy_os_ci_high,delta_raw_mean,delta_raw_ci_low,delta_raw_ci_high,delta_norm_mean,delta_norm_ci_low,delta_norm_ci_high,p_value_raw_policy_os_vs_policy,p_value_norm_policy_os_vs_policy,policy_os_apply_mean,policy_os_os_apply_mean
6,60.67766666666667,36.82140435294973,84.5339289803836,56.28866666666667,17.683780388590193,94.89355294474315,53.53333333333333,24.397922870039626,82.66874379662704,55.022166666666664,20.837809912855555,89.20652342047777,1.4888333333333315,-30.53117189975459,33.508838566421254,5.877833333333332,-41.61174906588335,53.36741573255002,0.9387530623468826,0.8663566821658917,0,0
