file,policy_mean,policy_os_mean,delta_raw_mean,delta_raw_ci_low,delta_raw_ci_high,p_raw,delta_norm_mean,p_norm,os_apply_mean,n
e1_paired_search3_b4_summary.csv,9.876875,21.66675,11.789874999999999,-11.273666820579614,34.85341682057961,0.45662716864156794,6.780499999999999,0.5008749562521874,0.0,8
e1_paired_search3_b3_summary.csv,7.87875,21.0795,13.20075,-15.734555681670269,42.13605568167027,0.3480325983700815,-11.988625000000003,0.40047997600119994,1.0,8
e1_paired_search3_b1_summary.csv,7.10225,36.571875,29.469625,-1.2476327461697352,60.186882746169736,0.10574471276436179,0.2652500000000009,0.9783510824458777,1.0,8
e1_paired_search3_b2_summary.csv,2.2916250000000002,31.164875000000002,28.873250000000002,5.204772835228713,52.54172716477129,0.008949552522373882,6.695375000000001,0.3672316384180791,0.0,8
