rep,policy_ts,policy_os_ts,baseline_policy,baseline_policy_os,policy,policy_os,delta_raw,policy_minus_base,policy_os_minus_base,delta_norm,policy_os_apply,policy_os_os_apply
1,20260226_080942,20260226_080950,0.0,89.924,1.742,87.424,85.682,1.742,-2.5,-4.242,0,1
2,20260226_081004,20260226_080959,3.182,7.576,9.091,6.894,-2.196999999999999,5.908999999999999,-0.6819999999999995,-6.590999999999998,0,1
3,20260226_081012,20260226_081017,18.864,19.47,27.197,0.227,-26.97,8.332999999999998,-19.243,-27.575999999999997,0,1
4,20260226_081031,20260226_081026,36.97,100.0,0.076,73.409,73.33300000000001,-36.894,-26.590999999999994,10.303000000000004,0,1
5,20260226_081040,20260226_081045,1.061,56.515,16.818,99.848,83.03,15.757000000000001,43.333,27.575999999999997,0,1
6,20260226_081058,20260226_081054,8.864,0.0,0.0,7.576,7.576,-8.864,7.576,16.44,0,1
7,20260226_081107,20260226_081112,3.788,22.955,1.894,0.0,-1.894,-1.894,-22.955,-21.061,0,1
8,20260226_081125,20260226_081120,0.0,9.924,0.0,17.197,17.197,0.0,7.273,7.273,0,1
