rep,policy_ts,policy_os_ts,baseline_policy,baseline_policy_os,policy,policy_os,delta_raw,policy_minus_base,policy_os_minus_base,delta_norm,policy_os_apply,policy_os_os_apply
1,20260226_071256,20260226_071311,98.533,32.2,59.6,45.6,-14.0,-38.933,13.399999999999999,52.333,0,0
2,20260226_071320,20260226_071326,89.933,41.867,9.267,32.067,22.8,-80.66600000000001,-9.799999999999997,70.86600000000001,0,0
3,20260226_071335,20260226_071341,28.2,5.733,8.133,10.067,1.934000000000001,-20.067,4.3340000000000005,24.401,0,0
4,20260226_071350,20260226_071358,0.4,13.0,25.067,0.067,-25.0,24.667,-12.933,-37.6,0,0
5,20260226_071406,20260226_071411,18.733,40.4,2.467,91.267,88.8,-16.266000000000002,50.867,67.133,0,0
6,20260226_071419,20260226_071425,31.133,10.067,42.4,0.8,-41.6,11.267,-9.267,-20.534,0,0
