rep,policy_ts,policy_os_ts,baseline_policy,baseline_policy_os,policy,policy_os,delta_raw,policy_minus_base,policy_os_minus_base,delta_norm,policy_os_apply,policy_os_os_apply
1,20260226_071619,20260226_071632,29.733,99.533,68.2,100.0,31.799999999999997,38.467,0.46699999999999875,-38.0,0,0
2,20260226_071642,20260226_071649,99.667,90.0,100.0,81.933,-18.066999999999993,0.3329999999999984,-8.066999999999993,-8.399999999999991,0,0
3,20260226_071658,20260226_071705,35.067,24.4,51.867,22.6,-29.266999999999996,16.799999999999997,-1.7999999999999972,-18.599999999999994,0,0
4,20260226_071714,20260226_071719,2.733,10.0,3.4,0.2,-3.1999999999999997,0.6669999999999998,-9.8,-10.467,0,0
5,20260226_071727,20260226_071733,42.8,0.4,5.4,13.333,7.933,-37.4,12.933,50.333,0,0
6,20260226_071741,20260226_071747,25.667,99.2,59.933,99.867,39.934000000000005,34.266,0.6670000000000016,-33.599,0,0
