rep,policy_ts,policy_os_ts,baseline_policy,baseline_policy_os,policy,policy_os,delta_raw,policy_minus_base,policy_os_minus_base,delta_norm,policy_os_apply,policy_os_os_apply
1,20260226_073507,20260226_073520,15.167,99.917,53.583,100.0,46.417,38.416,0.08299999999999841,-38.333,0,1
2,20260226_073529,20260226_073534,76.583,99.75,43.083,100.0,56.917,-33.5,0.25,33.75,0,1
3,20260226_073543,20260226_073550,99.5,99.5,100.0,100.0,0.0,0.5,0.5,0.0,0,1
4,20260226_073559,20260226_073604,56.083,52.417,58.083,100.0,41.917,2.0,47.583,45.583,0,1
5,20260226_073613,20260226_073618,6.833,99.917,1.25,100.0,98.75,-5.583,0.08299999999999841,5.665999999999999,0,1
6,20260226_073627,20260226_073631,4.75,3.5,48.083,0.25,-47.833,43.333,-3.25,-46.583,0,1
7,20260226_073638,20260226_073643,12.583,1.333,47.583,62.0,14.417000000000002,35.0,60.667,25.667,0,1
8,20260226_073649,20260226_073654,25.333,0.417,25.5,0.167,-25.333,0.1670000000000016,-0.24999999999999997,-0.4170000000000016,0,1
