rep,policy1_ts,policy_os_ts,policy2_ts,baseline_policy1,baseline_policy_os,baseline_policy2,policy1,policy_os,policy2,policy_avg,delta_raw,policy1_minus_base,policy2_minus_base,policy_os_minus_base,delta_norm,policy_os_os_apply
1,20260226_220840,20260226_220850,20260226_220858,21.899,100.0,4.62,52.215,65.57,28.861,40.538000000000004,25.03199999999999,30.316000000000003,24.241,-34.43000000000001,-61.70850000000001,2
2,20260226_220907,20260226_220914,20260226_220921,13.354,100.0,100.0,19.873,11.709,100.0,59.9365,-48.227500000000006,6.519000000000002,0.0,-88.291,-91.5505,2
3,20260226_220931,20260226_220938,20260226_220945,0.063,100.0,0.0,4.114,4.494,11.329,7.721500000000001,-3.227500000000001,4.051,11.329,-95.506,-103.196,2
4,20260226_220954,20260226_221000,20260226_221007,1.709,100.0,0.0,1.709,3.228,1.582,1.6455000000000002,1.5825,0.0,1.582,-96.772,-97.563,2
5,20260226_221016,20260226_221023,20260226_221029,12.722,100.0,0.127,18.165,1.139,1.203,9.684,-8.545,5.443,1.076,-98.861,-102.1205,2
6,20260226_221038,20260226_221045,20260226_221052,0.127,100.0,15.127,0.063,63.544,4.304,2.1835,61.360499999999995,-0.064,-10.823,-36.456,-31.012500000000003,2
7,20260226_221101,20260226_221107,20260226_221114,1.772,100.0,0.0,0.253,0.0,1.456,0.8545,-0.8545,-1.5190000000000001,1.456,-100.0,-99.9685,2
8,20260226_221123,20260226_221130,20260226_221137,0.0,99.557,97.785,42.468,7.405,1.329,21.898500000000002,-14.493500000000001,42.468,-96.456,-92.152,-65.158,2
