file,policy_avg_mean,policy_os_mean,delta_raw_mean,delta_raw_ci_low,delta_raw_ci_high,p_raw,delta_norm_mean,p_norm
e1_triplet_hcprotect_h1_r8_summary.csv,12.583,19.034625,6.451625,-15.217199609678879,28.12044960967888,0.8679566021698915,-9.944812500000001,0.43142842857857105
e1_triplet_hcprotect_h3_r8_summary.csv,16.1155625,24.62825,8.5126875,-10.422379763742589,27.447754763742587,0.6276186190690466,2.8244375,0.8024598770061497
e1_triplet_hcprotect_h2_r8_summary.csv,36.2776875,52.112375,15.834687500000001,-18.62331813331337,50.29269313331337,0.4710264486775661,2.7532500000000013,0.22653867306634667
e1_triplet_hcprotect_h4_r8_summary.csv,5.1819375,54.620375,49.4384375,16.026761553292296,82.8501134467077,0.019099045047747613,0.9536250000000004,0.6564171791410429
