rep,policy1_ts,policy_os_ts,policy2_ts,baseline_policy1,baseline_policy_os,baseline_policy2,policy1,policy_os,policy2,policy_avg,delta_raw,policy1_minus_base,policy2_minus_base,policy_os_minus_base,delta_norm,policy_os_os_apply
1,20260226_122834,20260226_122845,20260226_122852,8.418,100.0,21.646,10.949,99.873,20.633,15.791,84.08200000000001,2.5310000000000006,-1.0130000000000017,-0.12699999999999534,-0.8859999999999957,1
2,20260226_122903,20260226_122910,20260226_122916,22.848,1.013,0.696,24.684,7.911,0.57,12.627,-4.716000000000001,1.836000000000002,-0.126,6.898,6.042999999999999,1
3,20260226_122926,20260226_122933,20260226_122939,2.785,0.949,2.152,6.962,9.684,4.747,5.8545,3.8294999999999995,4.177,2.5949999999999998,8.735,5.349,1
4,20260226_122949,20260226_122956,20260226_123002,1.266,99.81,100.0,0.443,99.937,100.0,50.2215,49.7155,-0.823,0.0,0.12699999999999534,0.5384999999999991,1
5,20260226_123013,20260226_123020,20260226_123026,25.063,0.38,100.0,3.481,0.0,100.0,51.7405,-51.7405,-21.582,0.0,-0.38,10.411000000000003,1
6,20260226_123037,20260226_123044,20260226_123051,100.0,100.0,0.063,100.0,100.0,7.468,53.734,46.266,0.0,7.405,0.0,-3.7025000000000006,1
7,20260226_123100,20260226_123107,20260226_123114,6.013,100.0,100.0,0.316,99.367,100.0,50.158,49.209,-5.697,0.0,-0.6329999999999956,2.215500000000006,1
8,20260226_123125,20260226_123131,20260226_123138,5.443,0.696,100.0,0.19,0.127,100.0,50.095,-49.967999999999996,-5.252999999999999,0.0,-0.569,2.0575,1
