rep,policy1_ts,policy_os_ts,policy2_ts,baseline_policy1,baseline_policy_os,baseline_policy2,policy1,policy_os,policy2,policy_avg,delta_raw,policy1_minus_base,policy2_minus_base,policy_os_minus_base,delta_norm,policy_os_os_apply
1,20260226_123458,20260226_123509,20260226_123516,7.025,100.0,33.354,7.975,100.0,8.861,8.418,91.582,0.9499999999999993,-24.493,0.0,11.7715,1
2,20260226_123526,20260226_123533,20260226_123539,26.013,7.848,0.633,14.241,0.886,3.734,8.9875,-8.101500000000001,-11.772000000000002,3.101,-6.962,-2.6265,1
3,20260226_123549,20260226_123556,20260226_123602,1.646,2.911,0.443,5.063,0.0,0.063,2.5629999999999997,-2.5629999999999997,3.417,-0.38,-2.911,-4.4295,1
4,20260226_123612,20260226_123619,20260226_123626,3.481,100.0,6.899,1.899,98.608,1.835,1.867,96.741,-1.5819999999999999,-5.064,-1.391999999999996,1.9310000000000036,1
5,20260226_123635,20260226_123642,20260226_123648,0.506,5.886,4.304,0.127,7.532,3.101,1.6139999999999999,5.918,-0.379,-1.2030000000000003,1.646,2.4370000000000003,1
6,20260226_123657,20260226_123704,20260226_123713,7.532,100.0,4.051,5.886,100.0,0.0,2.943,97.057,-1.646,-4.051,0.0,2.8485,1
7,20260226_123722,20260226_123729,20260226_123735,5.127,30.19,6.962,0.759,30.127,7.152,3.9555000000000002,26.171499999999998,-4.367999999999999,0.1900000000000004,-0.06300000000000239,2.0259999999999967,1
8,20260226_123745,20260226_123752,20260226_123759,2.532,100.0,7.405,16.899,99.81,5.316,11.1075,88.7025,14.367,-2.0890000000000004,-0.18999999999999773,-6.328999999999997,1
