rep,policy1_ts,policy_os_ts,policy2_ts,baseline_policy1,baseline_policy_os,baseline_policy2,policy1,policy_os,policy2,policy_avg,delta_raw,policy1_minus_base,policy2_minus_base,policy_os_minus_base,delta_norm,policy_os_os_apply
1,20260226_123149,20260226_123200,20260226_123206,32.532,25.38,16.203,43.544,11.076,14.177,28.8605,-17.784499999999998,11.012,-2.026,-14.303999999999998,-18.796999999999997,1
2,20260226_123216,20260226_123223,20260226_123231,29.747,100.0,1.329,46.456,100.0,26.203,36.3295,63.6705,16.709000000000003,24.874,0.0,-20.791500000000003,1
3,20260226_123240,20260226_123247,20260226_123254,65.886,47.595,33.987,47.342,1.076,0.253,23.7975,-22.7215,-18.543999999999997,-33.734,-46.519,-20.380000000000003,1
4,20260226_123303,20260226_123310,20260226_123317,2.025,4.937,22.911,6.203,29.241,0.633,3.418,25.823,4.178000000000001,-22.278000000000002,24.304,33.354,1
5,20260226_123326,20260226_123333,20260226_123340,0.316,7.405,0.316,2.405,4.241,15.696,9.0505,-4.8095,2.089,15.379999999999999,-3.1640000000000006,-11.898499999999999,1
6,20260226_123349,20260226_123356,20260226_123402,2.595,4.873,1.646,11.139,37.468,40.38,25.759500000000003,11.7085,8.543999999999999,38.734,32.595000000000006,8.956000000000003,1
7,20260226_123412,20260226_123419,20260226_123425,38.101,1.582,0.127,0.19,9.81,1.203,0.6965,9.1135,-37.911,1.076,8.228,26.6455,1
8,20260226_123435,20260226_123442,20260226_123448,11.899,1.392,35.696,1.709,4.114,0.316,1.0125,3.1014999999999997,-10.19,-35.379999999999995,2.722,25.507,1
