rep,policy1_ts,policy_os_ts,policy2_ts,baseline_policy1,baseline_policy_os,baseline_policy2,policy1,policy_os,policy2,policy_avg,delta_raw,policy1_minus_base,policy2_minus_base,policy_os_minus_base,delta_norm,policy_os_os_apply
1,20260226_122523,20260226_122533,20260226_122539,36.709,8.165,13.797,5.38,13.354,8.291,6.8355,6.5184999999999995,-31.329000000000004,-5.506,5.189,23.6065,1
2,20260226_122549,20260226_122556,20260226_122602,9.051,1.329,35.253,4.367,0.063,0.063,2.215,-2.1519999999999997,-4.684,-35.19,-1.266,18.671,1
3,20260226_122612,20260226_122619,20260226_122626,61.899,75.253,2.911,41.203,5.316,1.456,21.329500000000003,-16.013500000000004,-20.695999999999998,-1.455,-69.937,-58.8615,1
4,20260226_122636,20260226_122643,20260226_122649,48.924,60.633,25.443,22.278,2.468,1.772,12.024999999999999,-9.556999999999999,-26.646,-23.671000000000003,-58.165000000000006,-33.0065,1
5,20260226_122659,20260226_122706,20260226_122712,1.772,7.785,7.468,8.038,2.405,15.316,11.677,-9.272,6.266,7.848000000000001,-5.380000000000001,-12.437000000000001,1
6,20260226_122722,20260226_122729,20260226_122738,2.278,100.0,0.063,42.975,100.0,0.0,21.4875,78.5125,40.697,-0.063,0.0,-20.317,1
7,20260226_122748,20260226_122755,20260226_122801,44.241,0.759,0.063,27.785,0.253,1.582,14.6835,-14.4305,-16.456,1.5190000000000001,-0.506,6.9625,1
8,20260226_122810,20260226_122817,20260226_122823,1.203,22.785,0.0,18.544,28.418,2.278,10.411,18.006999999999998,17.341,2.278,5.632999999999999,-4.176500000000001,1
