method,mean,ci_low,ci_high
baseline (no OS),24.8734,15.074580840092352,34.67221915990765
comparison (RT single-worker),88.68986666666666,78.18919431681708,99.19053901651624
proposed (RT group),11.824966666666667,5.850375002834424,17.79955833049891
