method,mean,ci_low,ci_high,n
LF baseline (MS disabled),19.30324166666667,13.150795532420908,25.45568780091243,60
MS + RT (single-worker),88.68986666666666,78.18919431681708,99.19053901651624,30
"MS + RT (worker-group, proposed)",11.824966666666667,5.850375002834424,17.79955833049891,30
